{"format": "layers-model", "generatedBy": "keras v3.3.3", "convertedBy": "TensorFlow.js Converter v4.20.0", "modelTopology": {"keras_version": "3.3.3", "backend": "tensorflow", "model_config": {"class_name": "Sequential", "config": {"name": "sequential", "trainable": true, "dtype": "float32", "layers": [{"class_name": "InputLayer", "config": {"batch_shape": [null, 38], "dtype": "float32", "sparse": false, "name": "input_layer"}}, {"class_name": "Embedding", "config": {"name": "embedding", "trainable": true, "dtype": "float32", "input_dim": 7398, "output_dim": 100, "embeddings_initializer": {"module": "keras.initializers", "class_name": "RandomUniform", "config": {"minval": -0.05, "maxval": 0.05, "seed": null}, "registered_name": null}, "embeddings_regularizer": null, "activity_regularizer": null, "embeddings_constraint": null, "mask_zero": false}}, {"class_name": "Bidirectional", "config": {"name": "bidirectional", "trainable": true, "dtype": "float32", "merge_mode": "concat", "layer": {"module": "keras.layers", "class_name": "LSTM", "config": {"name": "forward_lstm", "trainable": true, "dtype": "float32", "return_sequences": false, "return_state": false, "go_backwards": false, "stateful": false, "unroll": false, "zero_output_for_mask": false, "units": 128, "activation": "tanh", "recurrent_activation": "sigmoid", "use_bias": true, "kernel_initializer": {"module": "keras.initializers", "class_name": "GlorotUniform", "config": {"seed": null}, "registered_name": null}, "recurrent_initializer": {"module": "keras.initializers", "class_name": "OrthogonalInitializer", "config": {"gain": 1.0, "seed": null}, "registered_name": null}, "bias_initializer": {"module": "keras.initializers", "class_name": "Zeros", "config": {}, "registered_name": null}, "unit_forget_bias": true, "kernel_regularizer": null, "recurrent_regularizer": null, "bias_regularizer": null, "activity_regularizer": null, "kernel_constraint": null, "recurrent_constraint": null, "bias_constraint": null, "dropout": 0.0, "recurrent_dropout": 0.0, "seed": null}, "registered_name": null, "build_config": {"input_shape": [null, 38, 100]}}, "backward_layer": {"module": "keras.layers", "class_name": "LSTM", "config": {"name": "backward_lstm", "trainable": true, "dtype": "float32", "return_sequences": false, "return_state": false, "go_backwards": true, "stateful": false, "unroll": false, "zero_output_for_mask": false, "units": 128, "activation": "tanh", "recurrent_activation": "sigmoid", "use_bias": true, "kernel_initializer": {"module": "keras.initializers", "class_name": "GlorotUniform", "config": {"seed": null}, "registered_name": null}, "recurrent_initializer": {"module": "keras.initializers", "class_name": "OrthogonalInitializer", "config": {"gain": 1.0, "seed": null}, "registered_name": null}, "bias_initializer": {"module": "keras.initializers", "class_name": "Zeros", "config": {}, "registered_name": null}, "unit_forget_bias": true, "kernel_regularizer": null, "recurrent_regularizer": null, "bias_regularizer": null, "activity_regularizer": null, "kernel_constraint": null, "recurrent_constraint": null, "bias_constraint": null, "dropout": 0.0, "recurrent_dropout": 0.0, "seed": null}, "registered_name": null, "build_config": {"input_shape": [null, 38, 100]}}}}, {"class_name": "Dense", "config": {"name": "dense", "trainable": true, "dtype": "float32", "units": 7398, "activation": "softmax", "use_bias": true, "kernel_initializer": {"module": "keras.initializers", "class_name": "GlorotUniform", "config": {"seed": null}, "registered_name": null}, "bias_initializer": {"module": "keras.initializers", "class_name": "Zeros", "config": {}, "registered_name": null}, "kernel_regularizer": null, "bias_regularizer": null, "kernel_constraint": null, "bias_constraint": null}}], "build_input_shape": [null, 38]}}, "training_config": {"loss": "categorical_crossentropy", "loss_weights": null, "metrics": ["accuracy"], "weighted_metrics": null, "run_eagerly": false, "steps_per_execution": 1, "jit_compile": false, "optimizer_config": {"class_name": "Adam", "config": {"name": "adam", "learning_rate": 0.0010000000474974513, "weight_decay": null, "clipnorm": null, "global_clipnorm": null, "clipvalue": null, "use_ema": false, "ema_momentum": 0.99, "ema_overwrite_frequency": null, "loss_scale_factor": null, "gradient_accumulation_steps": null, "beta_1": 0.9, "beta_2": 0.999, "epsilon": 1e-07, "amsgrad": false}}}}, "weightsManifest": [{"paths": ["group1-shard1of3.bin", "group1-shard2of3.bin", "group1-shard3of3.bin"], "weights": [{"name": "sequential/bidirectional/forward_lstm/lstm_cell/kernel", "shape": [100, 512], "dtype": "float32"}, {"name": "sequential/bidirectional/forward_lstm/lstm_cell/recurrent_kernel", "shape": [128, 512], "dtype": "float32"}, {"name": "sequential/bidirectional/forward_lstm/lstm_cell/bias", "shape": [512], "dtype": "float32"}, {"name": "sequential/bidirectional/backward_lstm/lstm_cell/kernel", "shape": [100, 512], "dtype": "float32"}, {"name": "sequential/bidirectional/backward_lstm/lstm_cell/recurrent_kernel", "shape": [128, 512], "dtype": "float32"}, {"name": "sequential/bidirectional/backward_lstm/lstm_cell/bias", "shape": [512], "dtype": "float32"}, {"name": "sequential/dense/kernel", "shape": [256, 7398], "dtype": "float32"}, {"name": "sequential/dense/bias", "shape": [7398], "dtype": "float32"}, {"name": "sequential/embedding/embeddings", "shape": [7398, 100], "dtype": "float32"}]}]}